trip_id,duration,start_station,end_station
OCESN12213F1304079:2023-08-29T11:49:37Z,129.0,Paris Montparnasse Hall 1 - 2,Bordeaux Saint-Jean
OCESN12213F2323578:2023-10-09T00:43:50Z,266.0,Paris Montparnasse Hall 1 - 2,Toulouse Matabiau
OCESN12244F2546867:2023-10-13T00:46:55Z,132.0,Bordeaux Saint-Jean,Paris Montparnasse Hall 1 - 2
OCESN12289F2203976:2023-09-05T00:35:10Z,94.0,Paris Montparnasse Hall 1 - 2,Poitiers
OCESN2050F2243940:2023-10-13T00:46:55Z,131.0,Strasbourg,Paris Est
OCESN2050F2470133:2023-10-13T00:46:55Z,135.0,Strasbourg,Paris Gare du Nord
OCESN2051F2391370:2023-10-13T00:46:55Z,117.0,Paris Est,Strasbourg
OCESN2077F2271008:2023-10-13T00:46:55Z,122.0,Paris Gare du Nord,Strasbourg
OCESN2087F2239944:2023-08-29T11:49:37Z,346.0,Strasbourg,Aix-en-Provence TGV
OCESN2087F2308903:2023-10-11T00:54:01Z,363.0,Strasbourg,Marseille Saint-Charles
OCESN2090F2441881:2023-10-09T00:43:50Z,363.0,Strasbourg,Bordeaux Saint-Jean
OCESN2092F2441878:2023-10-11T00:54:01Z,358.0,Bordeaux Saint-Jean,Strasbourg
OCESN2096F2404402:2023-10-09T00:43:50Z,358.0,Aix-en-Provence TGV,Strasbourg
OCESN2096F2519325:2023-10-09T00:43:50Z,371.0,Marseille Saint-Charles,Strasbourg
OCESN2203F2174017:2023-08-29T11:49:37Z,371.0,Strasbourg,Montpellier Saint-Roch
OCESN2204F2173418:2023-08-29T11:49:37Z,375.0,Montpellier Saint-Roch,Strasbourg
OCESN2204F2290264:2023-10-09T00:43:50Z,435.0,Montpellier Saint-Roch,Metz
OCESN2207F2290687:2023-10-09T00:43:50Z,100.0,Paris Gare du Nord,Metz
OCESN2208F1921255:2023-10-11T00:54:01Z,93.0,Metz,Paris Est
OCESN2213F2426030:2023-10-09T00:43:50Z,85.0,Paris Est,Metz
OCESN2234F1955190:2023-10-11T00:54:01Z,118.0,Nancy Place de la République,Paris Est
OCESN2237F1334366:2023-10-04T00:41:06Z,111.0,Paris Est,Nancy Place de la République
OCESN2237F2403232:2023-10-09T00:43:50Z,119.0,Paris Gare du Nord,Nancy Place de la République
OCESN2239F2173963:2023-10-04T00:41:06Z,535.0,Strasbourg,Nice-Ville
OCESN2239F2346865:2023-10-09T00:43:50Z,423.0,Strasbourg,Toulon
OCESN2239F2380179:2023-10-09T00:43:50Z,647.0,Nancy Place de la République,Nice-Ville
OCESN2242F2121827:2023-10-13T00:46:55Z,534.0,Nice-Ville,Strasbourg
OCESN2242F2184608:2023-10-04T09:03:30Z,602.0,Nice-Ville,Nancy Place de la République
OCESN2242F2371191:2023-10-04T09:03:30Z,424.0,Toulon,Strasbourg
OCESN2253F2240609:2023-10-13T00:46:55Z,48.0,Paris Est,Reims
OCESN2260F1337017:2023-10-09T00:43:50Z,52.0,Reims,Paris Est
OCESN2350F2019974:2023-10-13T00:46:55Z,162.0,Colmar,Paris Est
OCESN2350F2408970:2023-10-11T00:54:01Z,177.0,Colmar,Paris Gare du Nord
OCESN2363F2262992:2023-10-13T00:46:55Z,146.0,Paris Est,Colmar
OCESN2363F2544183:2023-10-09T00:43:50Z,174.0,Paris Gare du Nord,Colmar
OCESN2534F2542887:2023-09-19T00:35:11Z,99.0,Nancy Place de la République,Paris Gare du Nord
OCESN2571F1943482:2023-10-09T00:43:50Z,171.0,Paris Est,Remiremont
OCESN2573F2606543:2023-10-11T00:54:01Z,230.0,Paris Gare du Nord,Remiremont
OCESN2574F2244253:2023-10-11T00:54:01Z,169.0,Remiremont,Paris Est
OCESN2591F1911335:2023-10-09T00:43:50Z,173.0,Paris Est,Saint-Dié-des-Vosges
OCESN2596F2257109:2023-10-11T00:54:01Z,157.0,Saint-Dié-des-Vosges,Paris Est
OCESN2654F2387412:2023-10-11T00:54:01Z,117.0,Metz,Paris Gare du Nord
OCESN2701F2610871:2023-09-23T00:33:29Z,63.0,Paris Gare du Nord,Reims
OCESN2709F2058470:2023-10-11T00:54:01Z,128.0,Paris Est,Sedan
OCESN2709F2584834:2023-10-13T00:46:55Z,104.0,Paris Est,Charleville-Mézières
OCESN2714F1718173:2023-08-29T11:49:37Z,138.0,Sedan,Paris Est
OCESN2722F1664200:2023-09-19T00:35:11Z,66.0,Reims,Paris Gare du Nord
OCESN2724F2429347:2023-10-11T00:54:01Z,162.0,Sedan,Paris Gare du Nord
OCESN2730F2436054:2023-10-13T00:46:55Z,110.0,Charleville-Mézières,Paris Est
OCESN2778F2348372:2023-10-11T00:54:01Z,126.0,Bar-le-Duc,Paris Est
OCESN2785F1347810:2023-10-10T00:42:10Z,124.0,Paris Est,Bar-le-Duc
OCESN2801F2387496:2023-09-23T00:33:29Z,150.0,Paris Gare du Nord,Luxembourg
OCESN2801F2584859:2023-10-13T00:46:55Z,138.0,Paris Est,Luxembourg
OCESN2815F2495671:2023-09-19T00:35:11Z,117.0,Paris Gare du Nord,Thionville
OCESN2854F2373878:2023-10-10T00:42:10Z,134.0,Luxembourg,Paris Est
OCESN2864F2511370:2023-09-26T00:38:18Z,173.0,Luxembourg,Paris Gare du Nord
OCESN2870F1567584:2023-10-11T00:54:01Z,130.0,Thionville,Paris Gare du Nord
OCESN32965F2632088:2023-09-27T00:39:01Z,342.0,Paris Gare de Lyon Hall 1 - 2,Nice-Ville
OCESN5000F2180299:2023-08-29T11:49:37Z,205.0,Lille Europe,Rennes
OCESN5010F2239480:2023-10-09T00:43:50Z,300.0,Lille Europe,Marseille Saint-Charles
OCESN5010F2342328:2023-10-04T09:03:30Z,289.0,Lille Europe,Aix-en-Provence TGV
OCESN5010F2594196:2023-10-09T00:43:50Z,185.0,Lille Europe,Lyon Part Dieu
OCESN5020F2218325:2023-10-12T00:48:35Z,328.0,Lille Europe,Montpellier Saint-Roch
OCESN5026F2176747:2023-10-04T09:03:30Z,264.0,Lille Europe,Montpellier Sud de France
OCESN5054F1686663:2023-10-02T00:28:07Z,236.0,Marseille Saint-Charles,Aéroport Charles de Gaulle 2 TGV
OCESN5054F2257212:2023-10-10T00:42:10Z,291.0,Marseille Saint-Charles,Lille Europe
OCESN5054F2597509:2023-10-10T00:42:10Z,173.0,Lyon Part Dieu,Lille Europe
OCESN5060F2406370:2023-10-09T00:43:50Z,223.0,Bordeaux Saint-Jean,Aéroport Charles de Gaulle 2 TGV
OCESN5062F2244000:2023-10-09T00:43:50Z,312.0,Montpellier Sud de France,Lille Europe
OCESN5062F2264576:2023-10-04T09:03:30Z,329.0,Montpellier Saint-Roch,Lille Europe
OCESN5066F2241590:2023-10-09T00:43:50Z,254.0,Aix-en-Provence TGV,Lille Europe
OCESN5080F2219555:2023-10-10T00:42:10Z,230.0,Rennes,Lille Europe
OCESN5156F2082813:2023-10-09T00:43:50Z,312.0,Montpellier Saint-Roch,Lille Flandres
OCESN5186F2217864:2023-10-10T00:42:10Z,195.0,Lyon Perrache,Lille Europe
OCESN5192F1989988:2023-10-09T00:43:50Z,238.0,Lyon Perrache,Lille Flandres
OCESN5192F2326814:2023-10-04T00:41:06Z,360.0,Marseille Saint-Charles,Lille Flandres
OCESN5192F2359520:2023-10-04T00:41:06Z,220.0,Lyon Part Dieu,Lille Flandres
OCESN5202F1688143:2023-09-30T00:27:01Z,346.0,Lille Europe,Bordeaux Saint-Jean
OCESN5202F2203619:2023-10-10T00:42:10Z,347.0,Lille Flandres,Bordeaux Saint-Jean
OCESN5224F1959940:2023-10-04T09:03:30Z,312.0,Lille Flandres,Nantes
OCESN5260F1586005:2023-10-04T00:41:06Z,282.0,Bordeaux Saint-Jean,Lille Flandres
OCESN5284F1959879:2023-09-30T00:27:01Z,299.0,Bordeaux Saint-Jean,Lille Europe
OCESN5288F1807624:2023-10-09T00:43:50Z,257.0,Nantes,Lille Europe
OCESN5300F2082707:2023-10-10T00:42:10Z,389.0,Nantes,Montpellier Sud de France
OCESN5306F1964028:2023-10-10T00:42:10Z,305.0,Nantes,Lyon Perrache
OCESN5306F2099768:2023-08-29T11:49:37Z,400.0,Nantes,Marseille Saint-Charles
OCESN5306F2420561:2023-08-29T11:49:37Z,286.0,Nantes,Lyon Part Dieu
OCESN5316F2173484:2023-10-13T00:46:55Z,403.0,Le Havre,Marseille Saint-Charles
OCESN5332F2023556:2023-10-13T00:46:55Z,353.0,Rennes,Marseille Saint-Charles
OCESN5332F2420734:2023-08-30T00:33:31Z,239.0,Rennes,Lyon Part Dieu
OCESN5336F2322212:2023-10-12T00:48:35Z,259.0,Rennes,Lyon Perrache
OCESN5336F2333144:2023-08-30T00:33:31Z,366.0,Rennes,Montpellier Sud de France
OCESN5351F1960316:2023-10-10T00:42:10Z,303.0,Lyon Perrache,Nantes
OCESN5358F2083180:2023-10-13T00:46:55Z,388.0,Montpellier Sud de France,Nantes
OCESN5366F2428682:2023-10-09T00:43:50Z,373.0,Marseille Saint-Charles,Nantes
OCESN5376F1836496:2023-10-13T00:46:55Z,416.0,Marseille Saint-Charles,Le Havre
OCESN5380F2225755:2023-10-09T00:43:50Z,238.0,Lyon Perrache,Rennes
OCESN5382F1833535:2023-08-30T00:33:31Z,345.0,Marseille Saint-Charles,Rennes
OCESN5382F2493689:2023-08-30T00:33:31Z,235.0,Lyon Part Dieu,Rennes
OCESN5460F2417295:2023-10-09T00:43:50Z,280.0,Rennes,Strasbourg
OCESN5470F1306365:2023-10-04T09:03:30Z,286.0,Strasbourg,Rennes
OCESN5480F2021058:2023-10-02T00:28:07Z,320.0,Nantes,Strasbourg
OCESN5486F2206999:2023-10-09T00:43:50Z,348.0,Strasbourg,Nantes
OCESN5512F2173308:2023-10-09T00:43:50Z,223.0,Lyon Perrache,Strasbourg
OCESN5521F2173447:2023-08-29T11:49:37Z,432.0,Metz,Montpellier Saint-Roch
OCESN5535F1306077:2023-10-09T00:43:50Z,255.0,Strasbourg,Lyon Perrache
OCESN5537F2257319:2023-10-09T00:43:50Z,494.0,Nancy Place de la République,Toulon
OCESN6024F2348460:2023-10-12T00:48:35Z,198.0,Marseille Saint-Charles,Paris Gare de Lyon Hall 1 - 2
OCESN6030F2079245:2023-08-29T11:49:37Z,208.0,Montpellier Saint-Roch,Paris Gare de Lyon Hall 1 - 2
OCESN6030F2370506:2023-08-29T11:49:37Z,315.0,Perpignan,Paris Gare de Lyon Hall 1 - 2
OCESN6033F2226966:2023-10-02T00:28:07Z,316.0,Paris Gare de Lyon Hall 1 - 2,Perpignan
OCESN6033F2296670:2023-10-09T00:43:50Z,210.0,Paris Gare de Lyon Hall 1 - 2,Montpellier Saint-Roch
OCESN6046F2264577:2023-09-24T00:33:07Z,194.0,Montpellier Sud de France,Paris Gare de Lyon Hall 1 - 2
OCESN6047F2017805:2023-10-09T00:43:50Z,192.0,Paris Gare de Lyon Hall 1 - 2,Montpellier Sud de France
OCESN6064F2402441:2023-10-09T00:43:50Z,99.0,Montpellier Sud de France,Lyon Part Dieu
OCESN6074F2340750:2023-08-29T11:49:37Z,353.0,Nice-Ville,Paris Gare de Lyon Hall 1 - 2
OCESN6091F2274058:2023-10-09T00:43:50Z,101.0,Paris Gare de Lyon Hall 1 - 2,Dijon
OCESN6101F2114042:2023-10-13T00:46:55Z,198.0,Paris Gare de Lyon Hall 1 - 2,Marseille Saint-Charles
OCESN6117F2255923:2023-10-06T00:53:43Z,183.0,Paris Gare de Lyon Hall 1 - 2,Aix-en-Provence TGV
OCESN6124F2580977:2023-10-12T00:48:35Z,272.0,Hyères,Paris Gare de Lyon Hall 1 - 2
OCESN6132F2086642:2023-10-06T00:53:43Z,185.0,Aix-en-Provence TGV,Paris Gare de Lyon Hall 1 - 2
OCESN6150F2603812:2023-10-13T00:46:55Z,236.0,Toulon,Paris Gare de Lyon Hall 1 - 2
OCESN6153F2582594:2023-10-12T00:48:35Z,241.0,Paris Gare de Lyon Hall 1 - 2,Toulon
OCESN6155F2240364:2023-10-13T00:46:55Z,270.0,Paris Gare de Lyon Hall 1 - 2,Hyères
OCESN6191F2283042:2023-10-13T00:46:55Z,222.0,Paris Gare de Lyon Hall 1 - 2,Avignon Centre
OCESN6193F2396410:2023-10-09T00:43:50Z,262.0,Paris Gare de Lyon Hall 1 - 2,Miramas
OCESN6194F1828930:2023-10-13T00:46:55Z,264.0,Miramas,Paris Gare de Lyon Hall 1 - 2
OCESN6196F2264656:2023-10-12T00:48:35Z,222.0,Avignon Centre,Paris Gare de Lyon Hall 1 - 2
OCESN6311F2489791:2023-10-12T00:48:35Z,229.0,Paris Gare de Lyon Hall 1 - 2,Grenoble
OCESN6340F2514991:2023-10-12T00:48:35Z,247.0,Grenoble,Paris Gare de Lyon Hall 1 - 2
OCESN6503F1828798:2023-10-12T00:48:35Z,287.0,Paris Gare de Lyon Hall 1 - 2,Évian-les-Bains
OCESN6504F1663507:2023-10-10T00:42:10Z,276.0,Évian-les-Bains,Paris Gare de Lyon Hall 1 - 2
OCESN6601F1828766:2023-10-11T00:54:01Z,138.0,Paris Gare de Lyon Hall 1 - 2,Lyon Perrache
OCESN6602F1783211:2023-10-13T00:46:55Z,144.0,Lyon Perrache,Paris Gare de Lyon Hall 1 - 2
OCESN6607F1875962:2023-10-13T00:46:55Z,116.0,Paris Gare de Lyon Hall 1 - 2,Lyon Part Dieu
OCESN6616F2044730:2023-08-29T11:49:37Z,116.0,Lyon Part Dieu,Paris Gare de Lyon Hall 1 - 2
OCESN6681F1959731:2023-10-09T00:43:50Z,176.0,Paris Gare de Lyon Hall 1 - 2,Saint-Étienne Châteaucreux
OCESN6690F1967050:2023-10-09T00:43:50Z,171.0,Saint-Étienne Châteaucreux,Paris Gare de Lyon Hall 1 - 2
OCESN6700F2176818:2023-10-12T00:48:35Z,175.0,Mulhouse,Paris Gare de Lyon Hall 1 - 2
OCESN6703F1348736:2023-10-12T00:48:35Z,225.0,Paris Gare de Lyon Hall 1 - 2,Mulhouse
OCESN6741F2532502:2023-10-13T00:46:55Z,147.0,Paris Gare de Lyon Hall 1 - 2,Besançon Viotte
OCESN6760F2206176:2023-10-13T00:46:55Z,154.0,Besançon Viotte,Paris Gare de Lyon Hall 1 - 2
OCESN6801F2171784:2023-10-13T00:46:55Z,278.0,Lyon Part Dieu,Nice-Ville
OCESN6801F2420378:2023-08-29T11:49:37Z,163.0,Lyon Part Dieu,Toulon
OCESN6813F2310077:2023-10-12T00:48:35Z,157.0,Lyon Perrache,Toulon
OCESN6821F1556209:2023-08-29T11:49:37Z,262.0,Lyon Part Dieu,Toulouse Matabiau
OCESN6821F2341635:2023-08-29T11:49:37Z,117.0,Lyon Part Dieu,Montpellier Saint-Roch
OCESN6823F1477363:2023-10-12T00:48:35Z,245.0,Lyon Perrache,Toulouse Matabiau
OCESN6850F1727105:2023-10-13T00:46:55Z,280.0,Nice-Ville,Lyon Part Dieu
OCESN6850F2261007:2023-08-29T11:49:37Z,178.0,Toulon,Lyon Part Dieu
OCESN6850F2695595:2023-10-12T00:48:35Z,283.0,Nice-Ville,Lyon Perrache
OCESN6864F2028313:2023-10-10T00:42:10Z,106.0,Marseille Saint-Charles,Lyon Part Dieu
OCESN6866F2695602:2023-10-12T00:48:35Z,181.0,Toulon,Lyon Perrache
OCESN6871F1990990:2023-10-12T00:48:35Z,247.0,Toulouse Matabiau,Lyon Perrache
OCESN6871F2260183:2023-08-29T11:49:37Z,247.0,Toulouse Matabiau,Lyon Part Dieu
OCESN6873F2369696:2023-08-29T11:49:37Z,111.0,Montpellier Saint-Roch,Lyon Part Dieu
OCESN6931F1803437:2023-10-12T00:48:35Z,222.0,Paris Gare de Lyon Hall 1 - 2,Annecy
OCESN6960F2013699:2023-10-13T00:46:55Z,226.0,Annecy,Paris Gare de Lyon Hall 1 - 2
OCESN7001F1982829:2023-09-12T00:35:02Z,64.0,Paris Gare du Nord,Lille Flandres
OCESN7002F2308911:2023-10-13T00:46:55Z,64.0,Lille Flandres,Paris Gare du Nord
OCESN7014F2277078:2023-09-20T00:32:39Z,61.0,Lille Europe,Paris Gare du Nord
OCESN7087F2548254:2023-10-12T00:48:35Z,65.0,Paris Gare du Nord,Lille Europe
OCESN7104F2401207:2023-10-13T00:46:55Z,114.0,Valenciennes,Paris Gare du Nord
OCESN7155F1959794:2023-10-12T00:48:35Z,104.0,Paris Gare du Nord,Valenciennes
OCESN7200F2423174:2023-10-13T00:46:55Z,108.0,Tourcoing,Paris Gare du Nord
OCESN7208F2610727:2023-10-13T00:46:55Z,126.0,Dunkerque,Paris Gare du Nord
OCESN7251F2038084:2023-10-13T00:46:55Z,122.0,Paris Gare du Nord,Dunkerque
OCESN7297F2423171:2023-10-13T00:46:55Z,108.0,Paris Gare du Nord,Tourcoing
OCESN7434F2688639:2023-10-13T00:46:55Z,150.0,Boulogne sur Mer,Paris Gare du Nord
OCESN7522F2374187:2023-10-13T00:46:55Z,176.0,Rang-du-Fliers - Verton - Berck,Paris Gare du Nord
OCESN7551F2609376:2023-10-13T00:46:55Z,145.0,Paris Gare du Nord,Boulogne sur Mer
OCESN7565F2373038:2023-10-13T00:46:55Z,170.0,Paris Gare du Nord,Rang-du-Fliers - Verton - Berck
OCESN7591F2423097:2023-10-13T00:46:55Z,129.0,Paris Gare du Nord,Calais Ville
OCESN7611F2096666:2023-10-10T00:42:10Z,231.0,Paris Montparnasse Hall 1 - 2,Brest
OCESN7612F1817975:2023-10-10T00:42:10Z,223.0,Brest,Paris Montparnasse Hall 1 - 2
OCESN7615F1843659:2023-08-05T00:42:19Z,250.0,Paris Montparnasse Hall 1 - 2,Quimper
OCESN7615F2688547:2023-10-11T00:54:01Z,201.0,Paris Montparnasse Hall 1 - 2,Auray
OCESN7616F1954844:2023-08-05T00:42:19Z,252.0,Quimper,Paris Montparnasse Hall 1 - 2
OCESN7616F2674088:2023-10-11T00:54:01Z,209.0,Auray,Paris Montparnasse Hall 1 - 2
OCESN7621F2099929:2023-10-11T00:54:01Z,137.0,Paris Montparnasse Hall 1 - 2,Nantes
OCESN7622F1955138:2023-10-13T00:46:55Z,124.0,Nantes,Paris Montparnasse Hall 1 - 2
OCESN7641F2194498:2023-06-17T00:46:06Z,133.0,Paris Montparnasse Hall 1 - 2,Niort
OCESN7641F2230238:2023-10-11T00:54:01Z,181.0,Paris Montparnasse Hall 1 - 2,La Rochelle
OCESN7642F2096675:2023-10-11T00:54:01Z,171.0,La Rochelle,Paris Montparnasse Hall 1 - 2
OCESN7642F2495779:2023-08-04T00:39:23Z,141.0,Niort,Paris Montparnasse Hall 1 - 2
OCESN7660F1842888:2023-07-06T00:36:57Z,333.0,Bordeaux Saint-Jean,Tourcoing
OCESN7669F2094099:2023-10-11T00:54:01Z,300.0,Tourcoing,Bordeaux Saint-Jean
OCESN7672F1756418:2023-10-10T00:42:10Z,269.0,Toulouse Matabiau,Paris Montparnasse Hall 1 - 2
OCESN7810F2059735:2023-06-01T00:43:46Z,115.0,Montpellier Saint-Roch,Lyon Perrache
OCESN7813F2387503:2023-07-01T00:41:00Z,115.0,Lyon Perrache,Montpellier Saint-Roch
OCESN7815F1842605:2023-10-13T00:46:55Z,196.0,Lille Flandres,Lyon Perrache
OCESN7831F2377020:2023-10-13T00:46:55Z,204.0,Aéroport Charles de Gaulle 2 TGV,Marseille Saint-Charles
OCESN7831F2418177:2023-07-08T00:35:50Z,189.0,Aéroport Charles de Gaulle 2 TGV,Aix-en-Provence TGV
OCESN7835F1566322:2023-06-28T00:41:30Z,282.0,Lille Flandres,Marseille Saint-Charles
OCESN7836F2176707:2023-10-10T00:42:10Z,287.0,Marseille Saint-Charles,Tourcoing
OCESN7841F2346869:2023-06-28T00:41:30Z,281.0,Lille Flandres,Aix-en-Provence TGV
OCESN7860F2096777:2023-10-13T00:46:55Z,285.0,Montpellier Sud de France,Lille Flandres
OCESN7867F2175416:2023-07-12T00:33:16Z,309.0,Tourcoing,Montpellier Sud de France
OCESN8003F2079401:2023-10-09T00:43:50Z,114.0,Paris Montparnasse Hall 1 - 2,Rennes
OCESN8020F1316632:2023-10-12T00:48:35Z,92.0,Rennes,Paris Montparnasse Hall 1 - 2
OCESN8080F1408509:2023-10-12T00:48:35Z,158.0,Saint-Malo,Paris Montparnasse Hall 1 - 2
OCESN8081F1959713:2023-10-01T00:25:35Z,167.0,Paris Montparnasse Hall 1 - 2,Saint-Malo
OCESN8179F1974145:2023-10-12T00:48:35Z,180.0,Paris Montparnasse Hall 1 - 2,Lorient
OCESN8300F1991247:2023-10-13T00:46:55Z,74.0,Tours,Paris Montparnasse Hall 1 - 2
OCESN8301F1303861:2023-08-29T11:49:37Z,73.0,Paris Montparnasse Hall 1 - 2,Tours
OCESN8330F1912253:2023-09-05T00:35:10Z,122.0,Poitiers,Paris Montparnasse Hall 1 - 2
OCESN8472F1646901:2023-10-09T00:43:50Z,181.0,Arcachon,Paris Montparnasse Hall 1 - 2
OCESN8473F2322822:2023-10-10T00:42:10Z,185.0,Paris Montparnasse Hall 1 - 2,Arcachon
OCESN8500F2402838:2023-10-13T00:46:55Z,203.0,Agen,Paris Montparnasse Hall 1 - 2
OCESN8530F2286616:2023-10-12T00:48:35Z,295.0,Hendaye,Paris Montparnasse Hall 1 - 2
OCESN8531F2387680:2023-10-09T00:43:50Z,284.0,Paris Montparnasse Hall 1 - 2,Hendaye
OCESN8560F2411218:2023-10-13T00:46:55Z,325.0,Tarbes,Paris Montparnasse Hall 1 - 2
OCESN8571F2688906:2023-10-11T00:54:01Z,313.0,Paris Montparnasse Hall 1 - 2,Tarbes
OCESN8680F2326159:2023-10-12T00:48:35Z,161.0,Saint-Brieuc,Paris Montparnasse Hall 1 - 2
OCESN8687F2398325:2023-10-07T00:44:23Z,179.0,Paris Montparnasse Hall 1 - 2,Saint-Brieuc
OCESN8692F1301337:2023-10-09T00:43:50Z,190.0,Lannion,Paris Montparnasse Hall 1 - 2
OCESN8695F1978000:2023-10-12T00:48:35Z,189.0,Paris Montparnasse Hall 1 - 2,Lannion
OCESN8707F2226840:2023-10-03T00:24:35Z,167.0,Paris Montparnasse Hall 1 - 2,Vannes
OCESN8720F2227274:2023-09-05T00:35:10Z,155.0,Vannes,Paris Montparnasse Hall 1 - 2
OCESN8790F2076838:2023-10-12T00:48:35Z,203.0,Lorient,Paris Montparnasse Hall 1 - 2
OCESN8895F1835277:2023-09-06T00:34:27Z,59.0,Paris Montparnasse Hall 1 - 2,Le Mans
OCESN8900F1961642:2023-10-13T00:46:55Z,171.0,Saint-Nazaire,Paris Montparnasse Hall 1 - 2
OCESN8901F1987766:2023-10-11T00:54:01Z,156.0,Paris Montparnasse Hall 1 - 2,Saint-Nazaire
OCESN8912F1678768:2023-10-09T00:43:50Z,210.0,Le Croisic,Paris Montparnasse Hall 1 - 2
OCESN8913F1912138:2023-10-12T00:48:35Z,204.0,Paris Montparnasse Hall 1 - 2,Le Croisic
OCESN8970F1988657:2023-10-12T00:48:35Z,205.0,Les Sables-d'Olonne,Paris Montparnasse Hall 1 - 2
OCESN8973F1987572:2023-10-13T00:46:55Z,215.0,Paris Montparnasse Hall 1 - 2,Les Sables-d'Olonne
OCESN8973F2312552:2023-08-29T11:49:37Z,190.0,Paris Montparnasse Hall 1 - 2,La Roche-sur-Yon
OCESN8984F2207857:2023-08-29T11:49:37Z,181.0,La Roche-sur-Yon,Paris Montparnasse Hall 1 - 2
OCESN9203F2239898:2023-10-09T00:43:50Z,244.0,Paris Gare de Lyon Hall 1 - 2,Zuerich HB
OCESN9206F2346712:2023-10-13T00:46:55Z,256.0,Zuerich HB,Paris Gare de Lyon Hall 1 - 2
OCESN9215F2541092:2023-10-13T00:46:55Z,184.0,Paris Gare de Lyon Hall 1 - 2,Basel SBB
OCESN9248F2239577:2023-10-10T00:42:10Z,188.0,Chambéry - Challes-les-Eaux,Paris Gare de Lyon Hall 1 - 2
OCESN9249F2670602:2023-10-10T00:42:10Z,174.0,Paris Gare de Lyon Hall 1 - 2,Chambéry - Challes-les-Eaux
OCESN9261F1817653:2023-10-13T00:46:55Z,238.0,Paris Gare de Lyon Hall 1 - 2,Lausanne
OCESN9264F2148923:2023-10-13T00:46:55Z,225.0,Lausanne,Paris Gare de Lyon Hall 1 - 2
OCESN9401F2388282:2023-10-13T00:46:55Z,227.0,Paris Est,Freiburg (Breisgau) Hbf
OCESN9402F2119927:2023-10-13T00:46:55Z,212.0,Freiburg (Breisgau) Hbf,Paris Est
OCESN9403F2606246:2023-10-13T00:46:55Z,256.0,Paris Gare du Nord,Freiburg (Breisgau) Hbf
OCESN9404F2361363:2023-10-09T00:43:50Z,460.0,Freiburg (Breisgau) Hbf,Bordeaux Saint-Jean
OCESN9406F1986987:2023-08-29T11:49:37Z,409.0,Bordeaux Saint-Jean,Freiburg (Breisgau) Hbf
OCESN9500F2406465:2023-10-11T00:54:01Z,211.0,Stuttgart Hbf,Paris Gare du Nord
OCESN9503F2439740:2023-10-05T00:43:30Z,161.0,Paris Gare du Nord,Karlsruhe Hbf
OCESN9503F2643469:2023-10-05T00:43:30Z,201.0,Paris Gare du Nord,Stuttgart Hbf
OCESN9506F2606807:2023-10-11T00:54:01Z,353.0,Munich,Paris Gare du Nord
OCESN9511F2569012:2023-10-11T00:54:01Z,251.0,Paris Gare du Nord,Francfort sur le Main
OCESN9514F2439737:2023-10-13T00:46:55Z,243.0,Francfort sur le Main,Paris Gare du Nord
OCESN9519F2606806:2023-10-11T00:54:01Z,346.0,Paris Gare du Nord,Munich
OCESN9524F2643468:2023-10-05T00:43:30Z,186.0,Karlsruhe Hbf,Paris Gare du Nord
OCESN9528F2563787:2023-10-11T00:54:01Z,229.0,Francfort sur le Main,Paris Est
OCESN9551F2177273:2023-08-29T11:49:37Z,244.0,Paris Est,Francfort sur le Main
OCESN9570F2413447:2023-10-11T00:54:01Z,168.0,Karlsruhe Hbf,Paris Est
OCESN9570F2423383:2023-10-11T00:54:01Z,194.0,Stuttgart Hbf,Paris Est
OCESN9571F2651369:2023-10-13T00:46:55Z,154.0,Paris Est,Karlsruhe Hbf
OCESN9571F2651374:2023-09-30T00:27:01Z,193.0,Paris Est,Stuttgart Hbf
OCESN9576F2244604:2023-10-11T00:54:01Z,344.0,Munich,Paris Est
OCESN9577F2386763:2023-09-22T00:44:45Z,344.0,Paris Est,Munich
OCESN9580F1720606:2023-10-13T00:46:55Z,472.0,Francfort sur le Main,Marseille Saint-Charles
OCESN9583F2424901:2023-10-13T00:46:55Z,468.0,Marseille Saint-Charles,Francfort sur le Main
OCESN9584F2346093:2023-10-13T00:46:55Z,196.0,Freiburg (Breisgau) Hbf,Paris Gare du Nord
OCESN9704F1927197:2023-10-13T00:46:55Z,406.0,Barcelone-Sants,Paris Gare de Lyon Hall 1 - 2
OCESN9713F2277333:2023-10-03T00:24:35Z,412.0,Paris Gare de Lyon Hall 1 - 2,Barcelone-Sants
OCESN9760F1299556:2023-08-29T11:49:37Z,197.0,Geneve,Paris Gare de Lyon Hall 1 - 2
OCESN9761F2215705:2023-08-29T11:49:37Z,191.0,Paris Gare de Lyon Hall 1 - 2,Geneve
OCESN9809F1329786:2023-10-13T00:46:55Z,35.0,Lille Europe,Bruxelles Midi
OCESN9810F1987144:2023-10-09T00:43:50Z,359.0,Bruxelles Midi,Marseille Saint-Charles
OCESN9810F2264582:2023-10-09T00:43:50Z,349.0,Bruxelles Midi,Aix-en-Provence TGV
OCESN9812F1850830:2023-10-09T00:43:50Z,346.0,Bruxelles Midi,Montpellier Saint-Roch
OCESN9826F2080350:2023-10-09T00:43:50Z,333.0,Bruxelles Midi,Montpellier Sud de France
OCESN9830F2347726:2023-10-09T00:43:50Z,223.0,Bruxelles Midi,Lyon Part Dieu
OCESN9832F2211784:2023-09-12T00:35:02Z,287.0,Bruxelles Midi,Nantes
OCESN9836F2310488:2023-10-12T00:48:35Z,448.0,Bruxelles Midi,Perpignan
OCESN9838F2197146:2023-10-13T00:46:55Z,275.0,Bruxelles Midi,Rennes
OCESN9844F2052158:2023-10-09T00:43:50Z,97.0,Bruxelles Midi,Aéroport Charles de Gaulle 2 TGV
OCESN9844F2540751:2023-10-12T00:48:35Z,241.0,Bruxelles Midi,Lyon Perrache
OCESN9852F1640701:2023-10-13T00:46:55Z,246.0,Lyon Perrache,Bruxelles Midi
OCESN9854F2080339:2023-10-12T00:48:35Z,350.0,Marseille Saint-Charles,Bruxelles Midi
OCESN9854F2361357:2023-09-14T00:34:33Z,217.0,Lyon Part Dieu,Bruxelles Midi
OCESN9862F2080338:2023-10-13T00:46:55Z,373.0,Montpellier Sud de France,Bruxelles Midi
OCESN9862F2100221:2023-10-03T00:24:35Z,497.0,Perpignan,Bruxelles Midi
OCESN9862F2240048:2023-10-09T00:43:50Z,386.0,Montpellier Saint-Roch,Bruxelles Midi
OCESN9866F2406753:2023-10-09T00:43:50Z,300.0,Aix-en-Provence TGV,Bruxelles Midi
OCESN9870F1512949:2023-10-13T00:46:55Z,228.0,Bruxelles Midi,Strasbourg
OCESN9877F2168481:2023-08-29T11:49:37Z,461.0,Luxembourg,Marseille Saint-Charles
OCESN9877F2202351:2023-10-06T00:53:43Z,415.0,Metz,Marseille Saint-Charles
OCESN9877F2368137:2023-08-29T11:49:37Z,445.0,Luxembourg,Aix-en-Provence TGV
OCESN9877F2418353:2023-08-29T11:49:37Z,403.0,Metz,Aix-en-Provence TGV
OCESN9879F1510146:2023-10-12T00:48:35Z,446.0,Luxembourg,Montpellier Sud de France
OCESN9879F2261877:2023-08-29T11:49:37Z,397.0,Metz,Montpellier Sud de France
OCESN9884F2002470:2023-10-13T00:46:55Z,278.0,Rennes,Bruxelles Midi
OCESN9886F1812222:2023-10-13T00:46:55Z,300.0,Nantes,Bruxelles Midi
OCESN9890F1993704:2023-10-13T00:46:55Z,222.0,Strasbourg,Bruxelles Midi
OCESN9896F2175115:2023-08-29T11:49:37Z,473.0,Marseille Saint-Charles,Luxembourg
OCESN9896F2240179:2023-10-09T00:43:50Z,426.0,Marseille Saint-Charles,Metz
OCESN9896F2411725:2023-10-09T00:43:50Z,461.0,Aix-en-Provence TGV,Luxembourg
OCESN9898F2085687:2023-08-29T11:49:37Z,466.0,Montpellier Saint-Roch,Luxembourg
